"ano,""regiao"",""UF"",""etnia"",""%_etnia"",""%_desocupacao"",""%_subutilizacao"",""$_renda_med_formal"",""$_renda_med_informal"",""%_menor_renda_familiar"",""%_maior_renda_familiar"",""%_taxa_homicidio"""
"2012,""Sul"",""Paraná"",""Branca"",""70.093755961615"",""4.297696668163"",""11.976573713271"",""2689.194864892"",""1807.2241052873"",""54.801208768163"",""86.986614821142"",""34.16"""
"2012,""Sul"",""Paraná"",""Preta"",""28.649748377333"",""6.5693731088141"",""17.094559506272"",""1891.5263107295"",""1184.6398050917"",""43.630301084018"",""11.146214235063"",""24.27"""
"2012,""Sul"",""Rio Grande do Sul"",""Branca"",""83.394240439247"",""4.9741902594871"",""12.692448423689"",""2750.5463191257"",""1684.1448486513"",""68.756636521333"",""94.296315899573"",""19.56"""
"2012,""Sul"",""Rio Grande do Sul"",""Preta"",""16.240863169537"",""7.2641392105516"",""19.590147915397"",""1812.034808086"",""1041.5233387778"",""30.793197732069"",""5.1604556168484"",""28.5"""
"2012,""Sul"",""Santa Catarina"",""Branca"",""86.374040505334"",""3.0352914822992"",""7.9538272643882"",""2563.6525861911"",""1748.1527436315"",""73.921378411906"",""94.726731266925"",""11.29"""
"2012,""Sul"",""Santa Catarina"",""Preta"",""13.408428444784"",""5.4567467355026"",""14.60111870533"",""1784.7409740085"",""1403.7017325971"",""25.888409493952"",""4.8077674954993"",""19.88"""
"2012,""Sudeste"",""Espírito Santo"",""Branca"",""42.156933778167"",""6.13118400734"",""11.632204310212"",""2697.4242316118"",""1607.4304405437"",""30.687674815357"",""63.187505734524"",""11.91"""
"2012,""Sudeste"",""Espírito Santo"",""Preta"",""57.471395787318"",""8.2862011171534"",""16.415745149665"",""1804.8750720138"",""1174.0915678442"",""69.099715440772"",""36.573827486311"",""61.65"""
"2012,""Sudeste"",""Minas Gerais"",""Branca"",""44.295316364907"",""6.336540487923"",""16.276729674122"",""2604.5471638251"",""1480.5686822519"",""26.959949773262"",""68.17441413687"",""13.7"""
"2012,""Sudeste"",""Minas Gerais"",""Preta"",""55.368440373599"",""6.9521406876863"",""18.960177574742"",""1771.6249991049"",""998.95198958472"",""72.634135449851"",""31.365684465431"",""28.28"""
"2012,""Sudeste"",""Rio de Janeiro"",""Branca"",""45.5683470475"",""6.5240201441963"",""11.740573658183"",""3352.4640693584"",""1908.2321356943"",""28.074309324406"",""76.315642759694"",""18.3"""
"2012,""Sudeste"",""Rio de Janeiro"",""Preta"",""54.118041482888"",""8.2321013133693"",""14.464176531336"",""1931.9862056291"",""1286.3761619086"",""71.667501903529"",""23.577920009528"",""36.64"""
"2012,""Sudeste"",""São Paulo"",""Branca"",""64.662534918474"",""6.1707101113027"",""12.926832614387"",""3438.2296708532"",""2248.1220068055"",""49.705082153818"",""87.711201975443"",""12.32"""
"2012,""Sudeste"",""São Paulo"",""Preta"",""33.978768086005"",""9.0532027033975"",""16.708724961158"",""1998.0815480164"",""1328.9074051138"",""49.765856982442"",""9.4421519377222"",""19.61"""
"2012,""Norte"",""Acre"",""Branca"",""23.469458856645"",""8.4194652672259"",""23.007207284407"",""2997.1353068069"",""1763.0113691855"",""19.267562807122"",""40.511748056614"",""9.92"""
"2012,""Norte"",""Acre"",""Preta"",""75.786733335192"",""9.1364505030031"",""23.889992378168"",""2171.0355240622"",""1089.2982955264"",""78.385808939132"",""58.918987822668"",""30.12"""
"2012,""Norte"",""Amapá"",""Branca"",""16.821698337865"",""12.970581552197"",""19.98292597423"",""3021.4424624574"",""1845.2196166886"",""12.773766391094"",""28.462290906972"",""17.16"""
"2012,""Norte"",""Amapá"",""Preta"",""82.835883009081"",""13.282731543495"",""22.313596423058"",""2327.5903104211"",""1159.5484769033"",""87.226233608906"",""71.537709093028"",""36.41"""
"2012,""Norte"",""Amazonas"",""Branca"",""20.368685740929"",""8.7724583741338"",""17.875426636442"",""3851.8149213769"",""2264.7293775105"",""13.277180204105"",""39.578933471958"",""18.46"""
"2012,""Norte"",""Amazonas"",""Preta"",""77.414330130141"",""10.081004125502"",""20.74796632309"",""2091.5861983832"",""1161.9198795386"",""83.265566391882"",""58.344837155487"",""42.46"""
"2012,""Norte"",""Pará"",""Branca"",""19.633494336442"",""7.2296406020788"",""24.25562346352"",""2985.7461853476"",""1314.0533356339"",""10.126368604747"",""33.755690615208"",""15.73"""
"2012,""Norte"",""Pará"",""Preta"",""79.841436154379"",""7.3458503651477"",""26.675286313115"",""2034.5145570347"",""982.82424019886"",""89.401248546761"",""65.392204300807"",""47.11"""
"2012,""Norte"",""Rondônia"",""Branca"",""32.916534076736"",""4.8213991498351"",""13.864795971573"",""2647.1950081471"",""1365.3737563772"",""26.186922466985"",""47.395091155736"",""24.17"""
"2012,""Norte"",""Rondônia"",""Preta"",""66.622654516732"",""6.09927992087"",""17.457550817575"",""1836.01456976"",""1215.5346632789"",""73.671316567021"",""51.722534316149"",""33.07"""
"2012,""Norte"",""Roraima"",""Branca"",""20.633053262042"",""6.6291726202817"",""15.968467511152"",""4060.2289832332"",""2079.7481410556"",""12.76245187972"",""48.214948566132"",""41.21"""
"2012,""Norte"",""Roraima"",""Preta"",""76.102985638748"",""8.2657450558931"",""21.957376537156"",""2495.80973574"",""1325.3444465289"",""81.223433433643"",""51.334521051011"",""30.81"""
"2012,""Norte"",""Tocantins"",""Branca"",""22.573575108372"",""5.3593920595169"",""15.432848273799"",""3061.1281383666"",""1719.2882483992"",""12.102200847544"",""44.803566217511"",""17.52"""
"2012,""Norte"",""Tocantins"",""Preta"",""76.719640773672"",""8.6847393100925"",""23.044276012207"",""1964.8607497445"",""1029.8883047228"",""87.482552233992"",""54.358344850254"",""27.57"""
"2012,""Nordeste"",""Alagoas"",""Branca"",""23.726974249765"",""10.634403788189"",""22.638728587247"",""2196.0911111256"",""921.46564396802"",""19.599088295115"",""38.450249840083"",""10.8"""
"2012,""Nordeste"",""Alagoas"",""Preta"",""75.955430899532"",""11.528656830286"",""25.652791666713"",""1511.2646399016"",""828.68673831285"",""80.191640174465"",""60.779037422034"",""76.64"""
"2012,""Nordeste"",""Bahia"",""Branca"",""19.920704600258"",""9.8373111159424"",""28.546832514039"",""2867.3825083722"",""948.27628443046"",""16.969221483097"",""31.047424896236"",""14.24"""
"2012,""Nordeste"",""Bahia"",""Preta"",""79.45846885759"",""11.642738607168"",""33.605640617174"",""1871.3871593916"",""778.77220219669"",""82.503803141492"",""68.238976794034"",""45.15"""
"2012,""Nordeste"",""Ceará"",""Branca"",""30.484282687626"",""6.3440060039506"",""23.723135892207"",""2607.4810308485"",""1174.941668754"",""21.057435355332"",""51.660951071446"",""9.28"""
"2012,""Nordeste"",""Ceará"",""Preta"",""69.188610757734"",""8.3195927477563"",""28.713743368402"",""1787.2941000281"",""791.63870744412"",""78.670008358689"",""47.712055948683"",""31.87"""
"2012,""Nordeste"",""Maranhão"",""Branca"",""19.12512681139"",""8.4391818241943"",""23.066310282524"",""2061.1489505357"",""954.02934519797"",""16.166660082905"",""32.278081716427"",""14.44"""
"2012,""Nordeste"",""Maranhão"",""Preta"",""80.565166505564"",""7.686829718656"",""24.551470471442"",""1541.9895029891"",""726.41579950674"",""83.497204066367"",""67.018717648296"",""28.82"""
"2012,""Nordeste"",""Paraíba"",""Branca"",""33.861443913597"",""8.6448934605695"",""28.345791109817"",""2199.91208738"",""1056.0355853994"",""26.674480485066"",""53.257530977723"",""6.64"""
"2012,""Nordeste"",""Paraíba"",""Preta"",""65.299511051233"",""9.9882623869718"",""32.832667382222"",""1570.4573038398"",""751.69918802392"",""72.718565162293"",""45.859284211252"",""51.36"""
"2012,""Nordeste"",""Pernambuco"",""Branca"",""33.320257072625"",""8.2250815689865"",""19.577879118091"",""3241.2326020488"",""1200.0613475984"",""24.156110664474"",""58.051481766044"",""5.93"""
"2012,""Nordeste"",""Pernambuco"",""Preta"",""66.202937713665"",""9.699068307422"",""25.982620882289"",""1769.7026250036"",""918.75128114936"",""75.518352569583"",""41.132800484685"",""49.76"""
"2012,""Nordeste"",""Piauí"",""Branca"",""21.405310613583"",""5.5934950518969"",""28.772055627596"",""2198.4468872614"",""819.99080000817"",""21.536611358447"",""32.459877455229"",""7.36"""
"2012,""Nordeste"",""Piauí"",""Preta"",""78.571538101655"",""6.0025542562158"",""32.740695849715"",""1740.1199811589"",""627.77433170244"",""78.292439967269"",""67.540122544771"",""18.18"""
"2012,""Nordeste"",""Rio Grande do Norte"",""Branca"",""40.452184659801"",""9.0240531725441"",""26.292532318098"",""2314.3100578463"",""977.90997277001"",""34.900206912915"",""55.865974820877"",""14.08"""
"2012,""Nordeste"",""Rio Grande do Norte"",""Preta"",""59.368519754069"",""11.931585480606"",""30.145806678006"",""1591.2616492588"",""857.6599527539"",""65.099793087085"",""43.473599408169"",""43.44"""
"2012,""Nordeste"",""Sergipe"",""Branca"",""25.794821507708"",""8.8096929529833"",""25.789456509981"",""2632.6237434279"",""1183.1303071101"",""20.485039927108"",""41.891725285017"",""13.11"""
"2012,""Nordeste"",""Sergipe"",""Preta"",""73.996218272665"",""10.6398259053"",""31.577153368986"",""2128.3574776717"",""806.44198833415"",""79.293018526151"",""57.749093373656"",""49.81"""
"2012,""Centro-Oeste"",""Distrito Federal"",""Branca"",""41.905517343247"",""7.7855645456545"",""14.194891345411"",""6200.4510525188"",""3058.0176219883"",""32.780905835673"",""71.463039964431"",""8.13"""
"2012,""Centro-Oeste"",""Distrito Federal"",""Preta"",""57.556312907749"",""9.7480698016278"",""16.006810403499"",""3308.8374149264"",""1846.9235677616"",""66.958368533472"",""27.167799774047"",""54.14"""
"2012,""Centro-Oeste"",""Goiás"",""Branca"",""38.060761349339"",""4.5171987993969"",""12.651338721812"",""3028.8820550917"",""1704.9373270715"",""27.717142699938"",""60.196533114105"",""23.8"""
"2012,""Centro-Oeste"",""Goiás"",""Preta"",""61.723977930746"",""5.2220855166945"",""13.389893641451"",""2047.9727391121"",""1347.0905470555"",""72.011409272727"",""39.518541044528"",""54.52"""
"2012,""Centro-Oeste"",""Mato Grosso"",""Branca"",""35.610032004553"",""4.1839336388847"",""10.730734586027"",""3350.4626141634"",""2039.9468088066"",""23.615132842708"",""62.260600642246"",""22.4"""
"2012,""Centro-Oeste"",""Mato Grosso"",""Preta"",""63.47128927732"",""5.6442435598475"",""13.430003929615"",""2033.5256332481"",""1279.2475063934"",""75.049024117166"",""36.442802772636"",""40.47"""
"2012,""Centro-Oeste"",""Mato Grosso do Sul"",""Branca"",""47.163218061649"",""5.4041763509136"",""14.692449848125"",""2773.2204883088"",""1776.8897669229"",""33.498937403625"",""66.805715467369"",""18.55"""
"2012,""Centro-Oeste"",""Mato Grosso do Sul"",""Preta"",""50.653293855975"",""6.7381143417588"",""18.227520335609"",""1975.1096589815"",""1250.8034096477"",""62.451555611722"",""30.158614805441"",""35.43"""
"2013,""Sul"",""Paraná"",""Branca"",""68.686708212458"",""3.893564159644"",""9.6484080847044"",""2934.8317696158"",""1801.0014322059"",""53.213959750896"",""85.696452204882"",""30.12"""
"2013,""Sul"",""Paraná"",""Preta"",""30.143891414849"",""5.1799704300543"",""13.982992087952"",""1980.0394477735"",""1329.9957940267"",""46.210399513739"",""11.930682216724"",""18.08"""
"2013,""Sul"",""Rio Grande do Sul"",""Branca"",""84.253612040136"",""4.2734189497509"",""11.126718334959"",""2750.0351733556"",""1703.3921362257"",""72.296419685185"",""94.094416845863"",""18.97"""
"2013,""Sul"",""Rio Grande do Sul"",""Preta"",""15.520583656694"",""8.4588049381565"",""19.688327674879"",""1878.3956308607"",""1052.2202686645"",""27.536172842095"",""5.6317447401474"",""28.13"""
"2013,""Sul"",""Santa Catarina"",""Branca"",""85.746519971615"",""3.0806804906812"",""6.0765069113228"",""2663.2226109732"",""1814.9318614428"",""73.559154625667"",""95.72081188999"",""11.59"""
"2013,""Sul"",""Santa Catarina"",""Preta"",""14.112718427845"",""5.4782166595987"",""10.43967902257"",""1840.0985520521"",""1501.2152809218"",""26.341566817266"",""4.0131366134436"",""12.52"""
"2013,""Sudeste"",""Espírito Santo"",""Branca"",""40.109317669491"",""4.9069486355318"",""8.8118346545255"",""2963.4628865535"",""1655.0233417152"",""29.337162618296"",""64.826752954484"",""15.24"""
"2013,""Sudeste"",""Espírito Santo"",""Preta"",""59.446777481071"",""7.9975882978288"",""13.840005335873"",""1942.2103519756"",""1270.0814310884"",""70.205992125348"",""34.335075678261"",""57.52"""
"2013,""Sudeste"",""Minas Gerais"",""Branca"",""43.034249503243"",""5.2471407726583"",""13.704506792644"",""2742.2682662392"",""1505.1203905085"",""26.417342946677"",""68.820798107954"",""14.2"""
"2013,""Sudeste"",""Minas Gerais"",""Preta"",""56.746373968032"",""8.1382778575658"",""18.840101273715"",""1796.3366361027"",""1070.9504365959"",""73.519713024972"",""30.740927637594"",""28.68"""
"2013,""Sudeste"",""Rio de Janeiro"",""Branca"",""45.46959191296"",""5.8890572875567"",""9.0978855830598"",""3421.1196656067"",""1933.6248406277"",""28.788919434483"",""76.312508000507"",""19.29"""
"2013,""Sudeste"",""Rio de Janeiro"",""Preta"",""54.324479814066"",""7.7160207499019"",""12.0852620344"",""2042.3848757944"",""1341.7023264312"",""71.115810455044"",""23.251794833178"",""39.25"""
"2013,""Sudeste"",""São Paulo"",""Branca"",""64.328923568593"",""6.5023211637171"",""12.253443949347"",""3539.5706022507"",""2198.6925445335"",""47.805637902695"",""85.643465338394"",""11.22"""
"2013,""Sudeste"",""São Paulo"",""Preta"",""34.163251115135"",""9.0775265722455"",""15.546251565204"",""2033.8306896996"",""1465.4748389971"",""50.905067576703"",""9.9310741679101"",""17.94"""
"2013,""Norte"",""Acre"",""Branca"",""21.93596704812"",""7.3654371756207"",""19.53987406474"",""3073.6374061806"",""1537.8057001406"",""14.938499229433"",""40.573674316619"",""13.47"""
"2013,""Norte"",""Acre"",""Preta"",""77.617421619213"",""8.7079818510167"",""22.468570277601"",""2184.6508516192"",""1027.4361586963"",""83.185976455635"",""59.067167828001"",""32.76"""
"2013,""Norte"",""Amapá"",""Branca"",""19.523683481248"",""10.224329036518"",""17.730604278916"",""3203.5907928282"",""1813.0436296723"",""11.710238404704"",""31.567135213632"",""18.62"""
"2013,""Norte"",""Amapá"",""Preta"",""80.106971156152"",""12.856628535536"",""25.087133449182"",""2482.9614815309"",""1264.194192879"",""88.289761595297"",""67.758725876018"",""30.3"""
"2013,""Norte"",""Amazonas"",""Branca"",""16.992096590805"",""8.1985068322458"",""14.658951657088"",""4218.4049752162"",""2624.1956244054"",""8.1803918412029"",""39.955164833519"",""20.96"""
"2013,""Norte"",""Amazonas"",""Preta"",""81.248417240329"",""10.267353308117"",""18.551367075464"",""2004.8779489727"",""1124.5180150569"",""88.846424028"",""59.273400308275"",""34.45"""
"2013,""Norte"",""Pará"",""Branca"",""19.790608728259"",""8.5384290004304"",""23.997526984321"",""2823.4238975271"",""1675.7543315675"",""12.22370003742"",""33.515521765552"",""17.19"""
"2013,""Norte"",""Pará"",""Preta"",""79.739645447187"",""6.5937716697524"",""21.752980842254"",""1905.0615924867"",""976.03796866784"",""86.684954605416"",""65.861436250652"",""47.84"""
"2013,""Norte"",""Rondônia"",""Branca"",""32.334659484903"",""3.8394940718699"",""11.541568132514"",""2534.5263943311"",""1494.4249526304"",""26.489215235875"",""48.055180507203"",""26.66"""
"2013,""Norte"",""Rondônia"",""Preta"",""67.06660024814"",""5.8310577691936"",""14.523796403542"",""1882.1342767579"",""1131.9296189797"",""72.741284899706"",""49.989326067586"",""27.42"""
"2013,""Norte"",""Roraima"",""Branca"",""22.050191303747"",""7.1388954857994"",""18.090546490437"",""3790.7217634235"",""1766.5156368631"",""14.74254517264"",""39.27527669194"",""63.92"""
"2013,""Norte"",""Roraima"",""Preta"",""74.459431567093"",""8.0020928328667"",""23.99747516921"",""2716.8886826344"",""1313.060560348"",""77.470821276946"",""59.029652077316"",""42.31"""
"2013,""Norte"",""Tocantins"",""Branca"",""20.661822396518"",""6.8404989913142"",""19.392378432481"",""2983.9046496076"",""1623.4148558549"",""11.443674192911"",""35.247418184402"",""21.71"""
"2013,""Norte"",""Tocantins"",""Preta"",""78.949947255759"",""6.9349809861412"",""24.86665650709"",""2103.0567383728"",""1055.0994171668"",""88.314838028474"",""63.826607662642"",""23.07"""
"2013,""Nordeste"",""Alagoas"",""Branca"",""23.341412076423"",""9.7082630564875"",""23.082548519676"",""2179.4538689603"",""977.12135385023"",""17.269466541098"",""36.420481496279"",""14.52"""
"2013,""Nordeste"",""Alagoas"",""Preta"",""76.37994471488"",""10.438629010143"",""24.408101227868"",""1597.6389148952"",""818.68789952364"",""82.203464139679"",""63.505987558917"",""77.98"""
"2013,""Nordeste"",""Bahia"",""Branca"",""19.557608432442"",""8.1411589629724"",""26.061590658544"",""2807.1257144052"",""1057.4416631978"",""14.697338889652"",""35.877313515612"",""12.34"""
"2013,""Nordeste"",""Bahia"",""Preta"",""79.927919953856"",""12.082789575712"",""31.140574756543"",""1891.7428737144"",""778.59598523893"",""85.038769686234"",""63.409833832987"",""42.24"""
"2013,""Nordeste"",""Ceará"",""Branca"",""29.352410478204"",""6.6963545662902"",""20.545250647107"",""2751.997838393"",""1172.7374446707"",""22.175351324051"",""52.751297978516"",""10.25"""
"2013,""Nordeste"",""Ceará"",""Preta"",""70.441970597216"",""7.9770763157475"",""25.956587630435"",""1699.7134463521"",""791.2805266869"",""77.558412781519"",""46.893137352994"",""35.78"""
"2013,""Nordeste"",""Maranhão"",""Branca"",""19.889794356498"",""8.4384373864905"",""22.391556231532"",""2046.6144950904"",""987.21150422319"",""15.116431510242"",""32.584320975274"",""15.22"""
"2013,""Nordeste"",""Maranhão"",""Preta"",""79.775182455728"",""7.9862207334905"",""23.915583394724"",""1720.0384720101"",""751.03220158494"",""84.61054987489"",""66.83856316419"",""35.16"""
"2013,""Nordeste"",""Paraíba"",""Branca"",""35.9468846326"",""9.2832196073117"",""31.710819659629"",""2193.1531338997"",""944.39193238673"",""33.220307683386"",""50.029699538885"",""6.95"""
"2013,""Nordeste"",""Paraíba"",""Preta"",""63.778073122481"",""8.9635431078205"",""36.235458673927"",""1709.2459016209"",""729.10801295672"",""66.69417375584"",""49.039736456941"",""52.06"""
"2013,""Nordeste"",""Pernambuco"",""Branca"",""33.732570183433"",""7.4332566538752"",""16.87780597723"",""3113.7657673677"",""1450.2734069957"",""24.915334080292"",""57.988586190092"",""7.17"""
"2013,""Nordeste"",""Pernambuco"",""Preta"",""65.992074828814"",""9.2993761761229"",""22.22483464724"",""1923.5343890562"",""1089.987563053"",""74.824684528702"",""41.888992132452"",""46.3"""
"2013,""Nordeste"",""Piauí"",""Branca"",""23.221278641806"",""6.9017447626171"",""30.480410989313"",""2671.2440588157"",""962.37145762004"",""19.172322541771"",""39.909442954599"",""9.18"""
"2013,""Nordeste"",""Piauí"",""Preta"",""76.73286809611"",""7.4697289531057"",""34.524000204105"",""1969.2638710105"",""665.90037876281"",""80.827677458229"",""60.090557045401"",""20.02"""
"2013,""Nordeste"",""Rio Grande do Norte"",""Branca"",""39.183046344693"",""9.0679195249027"",""24.287991583751"",""2165.5626495542"",""1094.8536553364"",""32.692187049684"",""55.090679162132"",""14.93"""
"2013,""Nordeste"",""Rio Grande do Norte"",""Preta"",""60.702744545828"",""11.722011307897"",""29.594139151527"",""1870.8800467686"",""845.20445296469"",""67.307812950316"",""44.727282934605"",""54.88"""
"2013,""Nordeste"",""Sergipe"",""Branca"",""25.439339607943"",""8.3311583775864"",""25.361232585437"",""3322.632068361"",""1260.3088596287"",""20.936803457633"",""44.319161331054"",""14.75"""
"2013,""Nordeste"",""Sergipe"",""Preta"",""74.059932497108"",""10.62218561957"",""30.830825265456"",""1796.963507599"",""836.25384350779"",""78.840949825304"",""54.37819819813"",""53.94"""
"2013,""Centro-Oeste"",""Distrito Federal"",""Branca"",""44.709986033765"",""8.1132215698239"",""14.257532403906"",""5890.959615735"",""2932.5532682175"",""32.586758782867"",""70.268651297601"",""6.39"""
"2013,""Centro-Oeste"",""Distrito Federal"",""Preta"",""54.473311419474"",""9.5102878433324"",""16.509911444196"",""3580.2597897301"",""1836.8309493025"",""66.88917109599"",""28.477250266661"",""49.22"""
"2013,""Centro-Oeste"",""Goiás"",""Branca"",""36.512847589368"",""5.1520813963358"",""10.719241690923"",""2889.6949922146"",""1874.4362277184"",""27.120729921612"",""58.44610626023"",""26.11"""
"2013,""Centro-Oeste"",""Goiás"",""Preta"",""62.858013831494"",""5.8593928455004"",""11.842522022995"",""2114.5648866439"",""1390.718523529"",""72.723515832015"",""40.771813821503"",""56.09"""
"2013,""Centro-Oeste"",""Mato Grosso"",""Branca"",""35.629483400977"",""3.2725372775303"",""8.5223448187094"",""3017.9900178064"",""1942.226190599"",""23.421999071342"",""60.700192915533"",""23.79"""
"2013,""Centro-Oeste"",""Mato Grosso"",""Preta"",""63.658487941644"",""5.030710463876"",""10.801439585351"",""2141.5652708223"",""1553.6171781476"",""76.095927452916"",""38.54755044414"",""43.1"""
"2013,""Centro-Oeste"",""Mato Grosso do Sul"",""Branca"",""45.010739157292"",""4.3218373799461"",""11.292657484898"",""2863.7884550066"",""1598.6212861761"",""30.722079385981"",""66.251808528339"",""19.38"""
"2013,""Centro-Oeste"",""Mato Grosso do Sul"",""Preta"",""53.779072636865"",""4.8069102966583"",""13.857316683896"",""1911.298781663"",""1335.2613762208"",""67.922025590598"",""31.425458321493"",""29.47"""
"2014,""Sul"",""Paraná"",""Branca"",""69.422586628431"",""3.4240743520954"",""8.3310223989715"",""2979.2089005593"",""1840.4338399943"",""58.38615703706"",""87.474557514954"",""30"""
"2014,""Sul"",""Paraná"",""Preta"",""29.429554977036"",""4.9412989362786"",""12.673350044049"",""2006.0626003638"",""1446.4058632411"",""40.56728962323"",""11.270712868088"",""18.53"""
"2014,""Sul"",""Rio Grande do Sul"",""Branca"",""82.918816282066"",""4.7619097501838"",""10.63309703054"",""2862.3311981951"",""1754.7539080024"",""67.054647250737"",""95.809975205909"",""22.07"""
"2014,""Sul"",""Rio Grande do Sul"",""Preta"",""16.79036257104"",""8.5805464992766"",""18.678588182909"",""1781.1820528567"",""1085.2211501215"",""32.327321669341"",""4.1406325401818"",""33.4"""
"2014,""Sul"",""Santa Catarina"",""Branca"",""87.650201623976"",""2.6112877825482"",""5.2644013132349"",""2581.700747056"",""1907.350224"",""74.697842689821"",""94.908947747438"",""12.35"""
"2014,""Sul"",""Santa Catarina"",""Preta"",""12.182466146592"",""5.3049391925267"",""9.4122222165107"",""1964.4195379106"",""1558.0212392423"",""24.992395396025"",""4.8327525834032"",""19.44"""
"2014,""Sudeste"",""Espírito Santo"",""Branca"",""40.233362189333"",""5.0477118185315"",""8.3828185946095"",""3004.4820873745"",""1808.0005422517"",""27.715372896816"",""65.440956092705"",""15.5"""
"2014,""Sudeste"",""Espírito Santo"",""Preta"",""59.619632602992"",""8.2261742960326"",""13.18222670157"",""2031.7895503243"",""1293.1301338654"",""72.158019370659"",""34.52012844422"",""56.9"""
"2014,""Sudeste"",""Minas Gerais"",""Branca"",""43.152371645808"",""5.37285748362"",""11.945411372736"",""2829.6471442993"",""1604.4994198573"",""26.510676777205"",""69.275169413477"",""13.5"""
"2014,""Sudeste"",""Minas Gerais"",""Preta"",""56.527408851317"",""7.6008958306704"",""17.942368511579"",""1825.8510754082"",""1124.7649381559"",""73.331931908198"",""29.475340030782"",""29.13"""
"2014,""Sudeste"",""Rio de Janeiro"",""Branca"",""46.56297645363"",""5.6303524059503"",""8.2523408922038"",""3558.8903922964"",""1945.831127006"",""30.826516564695"",""77.114391246579"",""19.84"""
"2014,""Sudeste"",""Rio de Janeiro"",""Preta"",""53.212289901557"",""7.7739832743644"",""10.436788461627"",""2081.2147768161"",""1370.0829840303"",""68.871068652796"",""22.623271654697"",""45.12"""
"2014,""Sudeste"",""São Paulo"",""Branca"",""64.303011320977"",""6.4957542864066"",""11.726271478402"",""3725.762681054"",""2356.8595451718"",""51.582028740186"",""85.568389873974"",""11"""
"2014,""Sudeste"",""São Paulo"",""Preta"",""33.830508239692"",""8.9578594866322"",""14.557118074487"",""2106.4428034245"",""1495.4840784432"",""47.566145253432"",""9.224068405709"",""19.06"""
"2014,""Norte"",""Acre"",""Branca"",""18.240435573236"",""9.2965390324595"",""17.845120758997"",""3105.4780527133"",""1580.1569128584"",""11.03966332293"",""31.836673407269"",""26.84"""
"2014,""Norte"",""Acre"",""Preta"",""81.292477480456"",""7.622461414599"",""19.467075593275"",""2125.9278204654"",""1119.8120002863"",""88.456731854542"",""67.782235502225"",""29.62"""
"2014,""Norte"",""Amapá"",""Branca"",""22.76377924718"",""12.462696042032"",""19.554455739628"",""3220.8339918944"",""1457.9735535424"",""19.208200355303"",""34.055097357523"",""8.72"""
"2014,""Norte"",""Amapá"",""Preta"",""76.901160497954"",""12.608820755515"",""20.000024845919"",""2609.8792450247"",""1286.9026003298"",""80.121187764684"",""64.604086932893"",""40.49"""
"2014,""Norte"",""Amazonas"",""Branca"",""18.28284151206"",""8.0668870581824"",""14.087875655275"",""4134.5520364616"",""2139.1576898163"",""8.4926166339157"",""41.704868108361"",""14.07"""
"2014,""Norte"",""Amazonas"",""Preta"",""79.983396307544"",""8.6442472651633"",""16.640709412331"",""2070.2924751863"",""1177.5576457846"",""87.670200273246"",""57.516998484071"",""36.93"""
"2014,""Norte"",""Pará"",""Branca"",""17.700716157324"",""8.2362702395987"",""21.884774486752"",""2741.5830732734"",""1428.3086124407"",""10.666971889713"",""30.006757226993"",""14.88"""
"2014,""Norte"",""Pará"",""Preta"",""81.920307493014"",""7.5385657834109"",""21.703410390781"",""2057.7818452231"",""999.03093686866"",""89.041377317706"",""68.885149081414"",""47.64"""
"2014,""Norte"",""Rondônia"",""Branca"",""29.366666506668"",""3.2168296971081"",""8.1542993144449"",""2341.7422863074"",""1550.1725027448"",""23.49917645046"",""41.141549502837"",""27.5"""
"2014,""Norte"",""Rondônia"",""Preta"",""70.345660002179"",""4.1186446168821"",""10.273117116016"",""1939.767376311"",""1225.3221882749"",""76.237348815354"",""58.0783631194"",""34.68"""
"2014,""Norte"",""Roraima"",""Branca"",""20.301122716475"",""6.1722592270542"",""17.419290869257"",""3862.43508135"",""1620.0235123193"",""8.2443461965712"",""37.235122811488"",""56.54"""
"2014,""Norte"",""Roraima"",""Preta"",""75.643764743394"",""7.647764382951"",""20.094890146119"",""2434.9676922517"",""1168.0777715148"",""78.271415048308"",""61.528831808911"",""27.75"""
"2014,""Norte"",""Tocantins"",""Branca"",""21.819887814415"",""7.1060047351477"",""16.512104981737"",""3313.6433953777"",""1474.7012581257"",""16.126409768724"",""45.711969737483"",""21.7"""
"2014,""Norte"",""Tocantins"",""Preta"",""77.958352210755"",""6.3343856888864"",""19.710298731943"",""2169.509386224"",""1084.2296601362"",""83.873590231276"",""54.086725182172"",""25.58"""
"2014,""Nordeste"",""Alagoas"",""Branca"",""24.946562555134"",""8.740508452571"",""21.12526292433"",""2378.8744136785"",""1099.6710374084"",""17.1820476157"",""44.879520761873"",""8.89"""
"2014,""Nordeste"",""Alagoas"",""Preta"",""74.549313036062"",""10.016668041551"",""23.185153425423"",""1690.2067880209"",""864.23128569148"",""82.143751982851"",""54.23218382513"",""78.79"""
"2014,""Nordeste"",""Bahia"",""Branca"",""20.362879376794"",""6.8962905719955"",""22.987132434986"",""2797.192055471"",""1045.5227802703"",""18.121242729866"",""33.606886129704"",""13.32"""
"2014,""Nordeste"",""Bahia"",""Preta"",""79.269423670251"",""10.315801641841"",""28.325035464902"",""1952.8326176276"",""869.02007255641"",""81.773479777898"",""66.158587231113"",""45.26"""
"2014,""Nordeste"",""Ceará"",""Branca"",""28.729027572556"",""6.9855164640787"",""19.749109128311"",""2685.2868462407"",""1068.5085688497"",""19.614789113874"",""48.832401485501"",""10.68"""
"2014,""Nordeste"",""Ceará"",""Preta"",""70.773125300782"",""6.9870095217642"",""24.63643181237"",""1644.2583857177"",""822.14489497512"",""80.051005601598"",""49.618007538949"",""40.05"""
"2014,""Nordeste"",""Maranhão"",""Branca"",""18.079581029196"",""7.0421900481622"",""21.024636557917"",""2049.7577083937"",""1072.3116806331"",""13.86560951288"",""30.747160147533"",""18.96"""
"2014,""Nordeste"",""Maranhão"",""Preta"",""81.728936997114"",""7.5480150298429"",""22.908750526715"",""1539.9320881577"",""759.52723892002"",""86.102119452338"",""68.94497771476"",""39.14"""
"2014,""Nordeste"",""Paraíba"",""Branca"",""36.989678897217"",""7.0292403462501"",""24.979298982989"",""2591.2050323944"",""1013.3718485677"",""30.78120603398"",""54.92689692703"",""5.85"""
"2014,""Nordeste"",""Paraíba"",""Preta"",""62.933470661756"",""8.6018095930574"",""29.682631474711"",""1749.2765769817"",""818.17268684013"",""69.218793966021"",""44.882350708627"",""54.39"""
"2014,""Nordeste"",""Pernambuco"",""Branca"",""31.760900437143"",""7.6332538035128"",""15.889636539545"",""3376.0646548565"",""1443.8413117826"",""23.476426650129"",""52.664957605366"",""12.78"""
"2014,""Nordeste"",""Pernambuco"",""Preta"",""68.006660936"",""8.315609607525"",""18.482081425601"",""2189.0275036156"",""1030.5167578525"",""76.347978581448"",""47.129313702932"",""46.36"""
"2014,""Nordeste"",""Piauí"",""Branca"",""21.868691695361"",""6.9227200535031"",""30.920551767367"",""2558.685058041"",""845.56354800691"",""20.612271776741"",""36.554314342407"",""6.29"""
"2014,""Nordeste"",""Piauí"",""Preta"",""78.107627883107"",""5.6278982648264"",""33.39423137033"",""1876.9102251215"",""696.21054851713"",""79.387728223257"",""63.445685657593"",""23.6"""
"2014,""Nordeste"",""Rio Grande do Norte"",""Branca"",""38.813580996225"",""10.472886926418"",""25.240351368173"",""2445.1538368174"",""1074.0582072014"",""30.415922373419"",""51.85361767298"",""16.15"""
"2014,""Nordeste"",""Rio Grande do Norte"",""Preta"",""60.948136260724"",""11.291963751083"",""28.081012659314"",""1800.0089546701"",""834.34726142802"",""69.584077626581"",""47.73904456233"",""62.77"""
"2014,""Nordeste"",""Sergipe"",""Branca"",""24.386081727168"",""7.0475968799969"",""22.988161604688"",""2814.6217112912"",""1452.472203156"",""15.70766387761"",""39.199862484786"",""15.98"""
"2014,""Nordeste"",""Sergipe"",""Preta"",""75.193055859566"",""9.3497951810233"",""28.514946399764"",""2125.3351844439"",""818.25694206242"",""83.893375712521"",""59.784735645478"",""60.1"""
"2014,""Centro-Oeste"",""Distrito Federal"",""Branca"",""42.563235076874"",""7.4037731982648"",""13.336426562273"",""5761.9442555502"",""2902.0017296992"",""26.723208119952"",""67.037870131606"",""9.61"""
"2014,""Centro-Oeste"",""Distrito Federal"",""Preta"",""56.883419452904"",""11.230822804217"",""16.565485779261"",""3757.2105085428"",""1932.2006670102"",""72.080350848878"",""32.517004483246"",""43.83"""
"2014,""Centro-Oeste"",""Goiás"",""Branca"",""38.509414923593"",""4.3819916278514"",""9.4946536044143"",""2829.7345842162"",""1955.0596198041"",""27.127987323249"",""59.619662324628"",""25.66"""
"2014,""Centro-Oeste"",""Goiás"",""Preta"",""61.115087449891"",""7.0601767050753"",""12.47029217855"",""2198.1394244604"",""1458.5389313543"",""72.576378986413"",""39.461373332625"",""55.14"""
"2014,""Centro-Oeste"",""Mato Grosso"",""Branca"",""33.438048608048"",""3.3559061164591"",""8.3900959112891"",""3286.1957110936"",""2283.2064887798"",""18.982690962139"",""60.15195152842"",""28.64"""
"2014,""Centro-Oeste"",""Mato Grosso"",""Preta"",""65.824524720455"",""4.4691682608608"",""10.025947489788"",""2148.8239544645"",""1474.6763290272"",""80.680241532612"",""39.055982862538"",""48.88"""
"2014,""Centro-Oeste"",""Mato Grosso do Sul"",""Branca"",""44.961383941775"",""3.7570260698855"",""11.80856998736"",""2979.2136445161"",""1838.3301979061"",""31.22557766284"",""67.496933009111"",""21.83"""
"2014,""Centro-Oeste"",""Mato Grosso do Sul"",""Preta"",""53.751249805657"",""4.295976228011"",""13.379693837137"",""2090.9299215306"",""1314.2490358833"",""67.261374266538"",""30.830264553275"",""31.45"""
"2015,""Sul"",""Paraná"",""Branca"",""69.004007507887"",""5.1262416853301"",""10.78859652253"",""2729.8828497382"",""1772.6148505294"",""56.264741775304"",""87.321955733509"",""28.74"""
"2015,""Sul"",""Paraná"",""Preta"",""30.086615947564"",""7.7124233595157"",""16.203378633596"",""1910.6118215783"",""1308.3314062422"",""43.269833051397"",""11.097569772796"",""19.66"""
"2015,""Sul"",""Rio Grande do Sul"",""Branca"",""83.454308134765"",""5.9226109226106"",""12.348264528107"",""2791.0095448694"",""1656.3153387501"",""70.852118328781"",""96.265543006294"",""23.88"""
"2015,""Sul"",""Rio Grande do Sul"",""Preta"",""16.271102019285"",""7.7119378573193"",""19.032657786422"",""1812.5589237203"",""1104.6804762344"",""28.932140877317"",""3.7344569937057"",""35.87"""
"2015,""Sul"",""Santa Catarina"",""Branca"",""86.999563860329"",""3.8848909347392"",""6.4532423823498"",""2585.1980018762"",""1738.2141005712"",""73.447607603158"",""95.125800512988"",""12.49"""
"2015,""Sul"",""Santa Catarina"",""Preta"",""12.823774396434"",""7.1712121368928"",""11.772954236103"",""1895.2307834073"",""1390.3163809087"",""26.493296692118"",""4.659453983808"",""23.26"""
"2015,""Sudeste"",""Espírito Santo"",""Branca"",""39.708046873592"",""5.9521958520104"",""9.0819983299714"",""3054.9697380247"",""1658.9404383159"",""25.226130864145"",""65.045637558609"",""11.9"""
"2015,""Sudeste"",""Espírito Santo"",""Preta"",""59.96590066796"",""10.809776145595"",""16.155696396674"",""1970.2618335449"",""1243.2821912111"",""74.323305548067"",""34.64638478443"",""49.64"""
"2015,""Sudeste"",""Minas Gerais"",""Branca"",""43.222683036424"",""7.0463986385908"",""15.618527318847"",""2585.3583145435"",""1491.8220029481"",""28.427085724268"",""63.509510400667"",""12.69"""
"2015,""Sudeste"",""Minas Gerais"",""Preta"",""56.604428442681"",""10.015936044295"",""22.357399054865"",""1897.3417559825"",""1108.5439920887"",""71.110107058993"",""36.301726370119"",""27.95"""
"2015,""Sudeste"",""Rio de Janeiro"",""Branca"",""44.853258321579"",""6.6311716125246"",""9.2425884830561"",""3457.9458648613"",""1886.7302555945"",""25.633142902706"",""76.97925962247"",""18.63"""
"2015,""Sudeste"",""Rio de Janeiro"",""Preta"",""54.93091425258"",""10.095417237711"",""13.714514767061"",""2065.4408695622"",""1292.3750657802"",""74.164559432094"",""22.610721030394"",""38.67"""
"2015,""Sudeste"",""São Paulo"",""Branca"",""63.133210118821"",""8.6661454522858"",""13.66004556532"",""3529.2143007623"",""2279.2902588683"",""50.746060827767"",""84.827353173596"",""9.61"""
"2015,""Sudeste"",""São Paulo"",""Preta"",""35.212508503851"",""12.295278151209"",""18.296418789104"",""2016.0871282523"",""1426.3629516701"",""48.785219185682"",""10.536959476217"",""16.22"""
"2015,""Norte"",""Acre"",""Branca"",""17.180518750199"",""7.2850668390527"",""13.762257102863"",""3770.5591632275"",""1543.4357763779"",""10.421802807659"",""34.532385262436"",""21.65"""
"2015,""Norte"",""Acre"",""Preta"",""82.460343232693"",""9.013131067117"",""19.468827240617"",""2208.4712006469"",""1119.8521485899"",""87.246781857943"",""65.257524335919"",""28.08"""
"2015,""Norte"",""Amapá"",""Branca"",""22.549593482272"",""8.4281784575011"",""19.178568652769"",""3196.1271275367"",""1450.7645815003"",""18.715026715771"",""31.546052953299"",""8.32"""
"2015,""Norte"",""Amapá"",""Preta"",""76.293584000781"",""11.140159660127"",""20.643236035741"",""2940.4007401227"",""1224.8966218161"",""81.284973284229"",""68.029823540701"",""45.47"""
"2015,""Norte"",""Amazonas"",""Branca"",""16.41834788284"",""8.0926523712381"",""13.55113130049"",""3412.727955977"",""1875.1323680445"",""8.5237700577097"",""33.807881381224"",""17.58"""
"2015,""Norte"",""Amazonas"",""Preta"",""82.292060220039"",""9.4181983611397"",""16.021307551251"",""2271.132344139"",""1120.5037187154"",""90.849002721132"",""65.632417929594"",""42.84"""
"2015,""Norte"",""Pará"",""Branca"",""18.990009390701"",""9.5598042385049"",""24.11166675031"",""2901.0490696507"",""1208.754242321"",""12.716408373968"",""32.323220637156"",""14.07"""
"2015,""Norte"",""Pará"",""Preta"",""80.594879475385"",""9.2216733996673"",""26.123125945666"",""1960.503887688"",""918.91907727364"",""86.618166954236"",""67.126909465096"",""51.48"""
"2015,""Norte"",""Rondônia"",""Branca"",""30.462078845268"",""3.9755287277898"",""9.1821670063775"",""2498.2849929863"",""1725.001021985"",""23.209815117243"",""41.779820282937"",""25.87"""
"2015,""Norte"",""Rondônia"",""Preta"",""68.843953792039"",""6.43003767438"",""12.772880008119"",""1948.9874032862"",""1201.9685618673"",""76.45467375555"",""57.491499979888"",""36.86"""
"2015,""Norte"",""Roraima"",""Branca"",""22.124481822928"",""6.3573722271169"",""15.398362242383"",""3674.0085331596"",""1745.2969222434"",""12.163811001743"",""46.897117845889"",""43.72"""
"2015,""Norte"",""Roraima"",""Preta"",""73.1123427909"",""9.7612840467773"",""20.512151660635"",""2431.7171393812"",""1231.8725350352"",""80.265053844166"",""52.122349569121"",""44.89"""
"2015,""Norte"",""Tocantins"",""Branca"",""21.49803573235"",""10.82002437881"",""19.627638105092"",""3462.238817399"",""1474.5771505137"",""12.593522104348"",""40.231373003321"",""30.27"""
"2015,""Norte"",""Tocantins"",""Preta"",""78.015528516223"",""9.3788256741671"",""21.726072830841"",""2016.3816006243"",""1166.8461307978"",""87.406477895652"",""59.602753032061"",""32.5"""
"2015,""Nordeste"",""Alagoas"",""Branca"",""24.630157167574"",""10.026890172616"",""24.337129429354"",""2365.4797857981"",""1039.1721882128"",""20.471732140905"",""43.528660221836"",""6.54"""
"2015,""Nordeste"",""Alagoas"",""Preta"",""74.787317196741"",""11.775491720722"",""26.865502085395"",""1577.6374204764"",""882.92504704615"",""78.958771707598"",""56.020652622277"",""66.41"""
"2015,""Nordeste"",""Bahia"",""Branca"",""19.44362255054"",""9.1825618767267"",""24.369847428285"",""2470.7213170589"",""1170.4515036929"",""15.137012658347"",""34.884238355269"",""12.37"""
"2015,""Nordeste"",""Bahia"",""Preta"",""80.027075890421"",""11.696168767388"",""31.163548251892"",""1809.8055290259"",""813.59023784641"",""83.901699026312"",""64.470927448609"",""44.82"""
"2015,""Nordeste"",""Ceará"",""Branca"",""28.401345204032"",""8.2577777185191"",""22.463973174794"",""2420.093338601"",""1118.3817966177"",""20.760003581133"",""46.565215310154"",""9.01"""
"2015,""Nordeste"",""Ceará"",""Preta"",""71.217068809238"",""8.8739946716885"",""24.582082285968"",""1877.3068463661"",""844.69368926069"",""78.976857305635"",""53.305461966288"",""35.82"""
"2015,""Nordeste"",""Maranhão"",""Branca"",""17.409192498841"",""6.6508438160782"",""22.214654135133"",""2259.4208796986"",""948.72355664729"",""12.123444088542"",""30.514596778174"",""21.98"""
"2015,""Nordeste"",""Maranhão"",""Preta"",""82.302864943921"",""9.0430609177954"",""25.120161810551"",""1719.8896176759"",""729.76187178729"",""87.725133486807"",""69.134132660953"",""37.48"""
"2015,""Nordeste"",""Paraíba"",""Branca"",""37.035461017588"",""8.6705165496049"",""26.950808111304"",""2547.9816206462"",""1094.6114134005"",""33.585884361371"",""56.278389029875"",""6.12"""
"2015,""Nordeste"",""Paraíba"",""Preta"",""62.748038450115"",""10.002100178976"",""30.582651723171"",""1884.2152222219"",""798.97842425589"",""66.325044688786"",""42.932052220565"",""52.71"""
"2015,""Nordeste"",""Pernambuco"",""Branca"",""30.908647923802"",""8.3121924827028"",""16.662529647455"",""3204.361976557"",""1328.9367200716"",""21.343053907436"",""56.245018172349"",""13.87"""
"2015,""Nordeste"",""Pernambuco"",""Preta"",""68.776628070289"",""11.01172414927"",""21.893811748984"",""1967.2330144827"",""888.23221909334"",""78.312422224343"",""43.183823400202"",""52.81"""
"2015,""Nordeste"",""Piauí"",""Branca"",""20.243832518622"",""7.2116862826172"",""30.072781523202"",""3424.7760461003"",""910.5063947724"",""15.853435619601"",""39.238256328383"",""9.21"""
"2015,""Nordeste"",""Piauí"",""Preta"",""79.674960955168"",""8.3666901368635"",""33.265892381228"",""1863.7316088558"",""674.71815880986"",""84.146564380399"",""60.582228583404"",""21.31"""
"2015,""Nordeste"",""Rio Grande do Norte"",""Branca"",""39.820344619228"",""11.254353097971"",""25.17389032713"",""2443.1446099579"",""1090.0608143133"",""31.245897365845"",""54.993845091836"",""11.34"""
"2015,""Nordeste"",""Rio Grande do Norte"",""Preta"",""60.035162533982"",""11.531841041661"",""28.932058879276"",""1892.1403525848"",""821.33012628205"",""68.65057019869"",""45.006154908164"",""62.08"""
"2015,""Nordeste"",""Sergipe"",""Branca"",""22.389338495444"",""8.3462306331499"",""24.354674720967"",""3313.228472387"",""930.19184291828"",""19.557596993907"",""37.687999449056"",""15.12"""
"2015,""Nordeste"",""Sergipe"",""Preta"",""77.292947513548"",""9.3669439541381"",""27.8624073954"",""1986.4202172448"",""747.20208982781"",""80.442403006092"",""61.691459272014"",""70.43"""
"2015,""Centro-Oeste"",""Distrito Federal"",""Branca"",""39.97739735669"",""9.1414064937316"",""14.939760466361"",""6161.6935627396"",""2663.080335167"",""26.249685261567"",""64.098011927114"",""11.18"""
"2015,""Centro-Oeste"",""Distrito Federal"",""Preta"",""59.133101052828"",""11.208809439443"",""16.864227608156"",""3684.1903857621"",""1873.794723802"",""73.57088608058"",""34.175260710405"",""34.75"""
"2015,""Centro-Oeste"",""Goiás"",""Branca"",""38.460686803433"",""6.0292714376914"",""11.483270903782"",""2698.8543446186"",""1942.5620059072"",""26.818711693209"",""60.050042421131"",""26.37"""
"2015,""Centro-Oeste"",""Goiás"",""Preta"",""61.162033817932"",""8.3737880860391"",""14.444636317664"",""2061.3437755708"",""1443.6906991063"",""72.461469492759"",""39.187227191749"",""55.99"""
"2015,""Centro-Oeste"",""Mato Grosso"",""Branca"",""33.186603955854"",""4.5973025061091"",""9.3423856031063"",""2935.0646081215"",""1948.5884972363"",""22.663615838362"",""58.109809301928"",""23"""
"2015,""Centro-Oeste"",""Mato Grosso"",""Preta"",""66.096544514845"",""6.9152298256712"",""12.4688903573"",""2020.2518815989"",""1401.5994349414"",""76.573926774852"",""41.111630791884"",""43.78"""
"2015,""Centro-Oeste"",""Mato Grosso do Sul"",""Branca"",""44.111435607799"",""5.8814706093827"",""13.726945074048"",""2578.0504023089"",""1659.9425488892"",""27.84616812161"",""60.762358589442"",""19.19"""
"2015,""Centro-Oeste"",""Mato Grosso do Sul"",""Preta"",""54.684912617767"",""7.0056319454226"",""17.431899378684"",""1984.6997732375"",""1265.722727802"",""68.433830736451"",""36.910450995091"",""28.63"""
"2016,""Sul"",""Paraná"",""Branca"",""67.591840287028"",""7.2279358240288"",""12.722295523188"",""2858.2585013974"",""1774.4444612256"",""52.873679500313"",""86.090910725049"",""30.63"""
"2016,""Sul"",""Paraná"",""Preta"",""31.108617206869"",""10.263746203832"",""17.578253152409"",""1804.70046278"",""1235.2350247603"",""46.712808569875"",""10.280514039627"",""18.97"""
"2016,""Sul"",""Rio Grande do Sul"",""Branca"",""81.518907970056"",""6.9374790966139"",""13.101170189855"",""2753.2806915761"",""1701.8334664247"",""67.130727650308"",""94.080545688974"",""26.17"""
"2016,""Sul"",""Rio Grande do Sul"",""Preta"",""18.218813450571"",""12.418726694087"",""20.930511549362"",""1910.7279473702"",""1047.861546066"",""32.715490849954"",""5.7511759511063"",""36.83"""
"2016,""Sul"",""Santa Catarina"",""Branca"",""84.142450150559"",""5.7375270582632"",""8.512613303001"",""2523.6016370022"",""1789.8538527527"",""68.692153526501"",""94.082286362833"",""12.6"""
"2016,""Sul"",""Santa Catarina"",""Preta"",""15.561085101404"",""9.7271500224334"",""14.917316830545"",""1882.9455586885"",""1411.2634575346"",""30.360544126882"",""5.5317492693785"",""22.36"""
"2016,""Sudeste"",""Espírito Santo"",""Branca"",""38.477795587636"",""8.2695004248132"",""12.598513034557"",""2887.8775795949"",""1636.1836913748"",""24.056979285747"",""61.990895928468"",""9.3"""
"2016,""Sudeste"",""Espírito Santo"",""Preta"",""61.011525743861"",""14.842761789371"",""20.679551134199"",""1960.4811952276"",""1195.0724482486"",""75.424949378508"",""37.299994751288"",""42.31"""
"2016,""Sudeste"",""Minas Gerais"",""Branca"",""41.072204951803"",""8.5216344346695"",""16.708377568206"",""2620.4489247772"",""1499.7733230577"",""26.624910662917"",""66.583561374049"",""13.55"""
"2016,""Sudeste"",""Minas Gerais"",""Preta"",""58.616901805657"",""13.080536231563"",""25.066694887927"",""1779.7330347412"",""1037.8459119857"",""73.279415141575"",""32.886794765476"",""27.2"""
"2016,""Sudeste"",""Rio de Janeiro"",""Branca"",""44.591737543708"",""10.269447915155"",""13.494059345448"",""3663.4544118754"",""2031.7211471233"",""29.285400429308"",""77.194676850919"",""20.47"""
"2016,""Sudeste"",""Rio de Janeiro"",""Preta"",""55.060003648131"",""13.620652493564"",""16.862274612289"",""2154.7455593438"",""1217.6912211595"",""70.49470038078"",""22.12773514022"",""47.61"""
"2016,""Sudeste"",""São Paulo"",""Branca"",""61.456712014352"",""10.794178073302"",""16.755857785252"",""3742.5553416471"",""2242.4814310176"",""43.853916404717"",""86.964561061609"",""9.12"""
"2016,""Sudeste"",""São Paulo"",""Preta"",""36.635751432768"",""14.865549870491"",""23.072309496234"",""2035.4502558472"",""1298.7320832255"",""55.476708151323"",""8.0793269081055"",""13.53"""
"2016,""Norte"",""Acre"",""Branca"",""18.045185857991"",""9.5991522258529"",""17.440712208469"",""3243.9304523963"",""1433.7162547459"",""13.828519820872"",""28.880601086794"",""28.78"""
"2016,""Norte"",""Acre"",""Preta"",""81.403061014828"",""10.489377784082"",""20.830718027465"",""2152.9330957928"",""1050.1907818258"",""85.921539794297"",""70.582333930589"",""46.94"""
"2016,""Norte"",""Amapá"",""Branca"",""20.606773637367"",""13.555824999083"",""21.155411301943"",""3146.3930922577"",""1501.6226289513"",""11.889641506926"",""33.330154595955"",""7.79"""
"2016,""Norte"",""Amapá"",""Preta"",""78.491168780283"",""16.26034440056"",""27.605306971267"",""2748.3789358081"",""1168.3194795394"",""88.110358493074"",""64.8941326171"",""59.39"""
"2016,""Norte"",""Amazonas"",""Branca"",""17.897608294533"",""11.698615284099"",""22.756911757847"",""3178.9769969032"",""1551.7911361201"",""7.5624094896731"",""39.15382204312"",""13.67"""
"2016,""Norte"",""Amazonas"",""Preta"",""79.884021298791"",""14.235531415087"",""25.07142023447"",""2086.1069464002"",""996.98596825081"",""90.846485048539"",""58.830363969751"",""42.97"""
"2016,""Norte"",""Pará"",""Branca"",""17.845640872461"",""11.585903915051"",""25.095412102906"",""2742.0228463617"",""1180.0378232715"",""14.302313652271"",""30.105656823699"",""16.87"""
"2016,""Norte"",""Pará"",""Preta"",""81.487235692034"",""11.073627408377"",""26.657143891144"",""1877.4242040401"",""920.75765017515"",""85.458191959617"",""69.024810050958"",""57.7"""
"2016,""Norte"",""Rondônia"",""Branca"",""28.884215747142"",""4.3094611346357"",""8.8748829248541"",""2416.6773669313"",""1330.7523062109"",""21.804958329304"",""45.015147479744"",""33.03"""
"2016,""Norte"",""Rondônia"",""Preta"",""70.083995516469"",""9.5786934816206"",""16.308950606961"",""1878.81542362"",""1082.6079260802"",""77.331383313642"",""54.103196880077"",""41.51"""
"2016,""Norte"",""Roraima"",""Branca"",""20.967410962118"",""6.4747727570641"",""14.781060260999"",""3523.36319282"",""1847.1759414144"",""11.572767190817"",""45.037133698457"",""38.3"""
"2016,""Norte"",""Roraima"",""Preta"",""73.213066472786"",""9.0330250000222"",""21.490209149796"",""2364.8318092096"",""1385.6379805261"",""76.67491100638"",""53.224974732457"",""46.17"""
"2016,""Norte"",""Tocantins"",""Branca"",""21.123559412053"",""8.7914956491314"",""15.13054599287"",""2960.9002096382"",""1418.9477650129"",""11.432363251311"",""34.919680512015"",""28.89"""
"2016,""Norte"",""Tocantins"",""Preta"",""77.920083885795"",""12.946482583433"",""23.619366174088"",""1967.4160316009"",""1066.3783660844"",""86.271775742344"",""63.810720273333"",""38.49"""
"2016,""Nordeste"",""Alagoas"",""Branca"",""23.999517679448"",""11.606201896582"",""27.619617213977"",""2342.4998485654"",""1175.6793345828"",""18.754719469477"",""42.923984035788"",""4.08"""
"2016,""Nordeste"",""Alagoas"",""Preta"",""75.15544421872"",""15.102001171823"",""32.823910629919"",""1646.0324340471"",""782.43107644887"",""79.996777083097"",""56.425694090412"",""69.74"""
"2016,""Nordeste"",""Bahia"",""Branca"",""17.779304644424"",""12.073542997885"",""27.972551571434"",""2401.7846722639"",""1217.1400703659"",""13.49322136854"",""27.626803874746"",""15.59"""
"2016,""Nordeste"",""Bahia"",""Preta"",""81.415491140024"",""16.787517982724"",""35.033600521091"",""1839.6063963916"",""791.0948583683"",""85.972397611182"",""71.351737205826"",""52.43"""
"2016,""Nordeste"",""Ceará"",""Branca"",""27.481129213538"",""10.234940814419"",""24.492107864554"",""2568.0985351665"",""1193.9206962431"",""20.165842665509"",""47.701284999501"",""8.32"""
"2016,""Nordeste"",""Ceará"",""Preta"",""71.990949807217"",""12.256153799422"",""29.754821657986"",""1750.1543695806"",""765.12982867114"",""79.279446445636"",""51.910392761895"",""38.92"""
"2016,""Nordeste"",""Maranhão"",""Branca"",""19.511498779764"",""10.056258533801"",""25.374359697343"",""2412.9384417514"",""1113.9797694868"",""13.443961150351"",""34.245919296413"",""19.62"""
"2016,""Nordeste"",""Maranhão"",""Preta"",""80.03531195103"",""12.11717523416"",""32.025259699084"",""1743.4447377347"",""753.718748062"",""86.184558677414"",""64.88975266709"",""37.88"""
"2016,""Nordeste"",""Paraíba"",""Branca"",""35.683356616639"",""10.923560354005"",""29.807556953576"",""2366.1823644012"",""981.27302131575"",""31.960842255563"",""51.753832051226"",""5.83"""
"2016,""Nordeste"",""Paraíba"",""Preta"",""64.165908170922"",""10.814531574028"",""32.968453909959"",""1842.6462207061"",""783.5490063377"",""68.039157744437"",""47.926283852169"",""46.52"""
"2016,""Nordeste"",""Pernambuco"",""Branca"",""31.20711273466"",""12.545347197277"",""21.71097705272"",""3143.6053946792"",""1382.1784680478"",""23.808237739731"",""56.92604657916"",""17.84"""
"2016,""Nordeste"",""Pernambuco"",""Preta"",""68.292155752796"",""16.058782048387"",""27.9831364216"",""1820.4969162086"",""888.52336589062"",""75.820169176905"",""42.721906686742"",""60.4"""
"2016,""Nordeste"",""Piauí"",""Branca"",""21.238832859215"",""9.2557306729766"",""27.598531978217"",""2895.6008283285"",""821.65976879133"",""14.362651103867"",""39.907175814574"",""6.97"""
"2016,""Nordeste"",""Piauí"",""Preta"",""78.573902613966"",""9.8103121052562"",""35.652848563746"",""1998.5549543309"",""637.06132034102"",""85.171230708545"",""60.092824185427"",""24"""
"2016,""Nordeste"",""Rio Grande do Norte"",""Branca"",""36.306218061484"",""11.939623489388"",""26.892989823488"",""2513.1702014422"",""974.31884597036"",""29.697472458935"",""47.496392657257"",""16.04"""
"2016,""Nordeste"",""Rio Grande do Norte"",""Preta"",""63.39974663774"",""14.279884639648"",""31.795538247201"",""1956.9639668948"",""840.57379841217"",""69.908240421792"",""52.219205155291"",""70.48"""
"2016,""Nordeste"",""Sergipe"",""Branca"",""21.646312446641"",""9.9384701471503"",""24.736509328608"",""2999.7213259722"",""970.44769925355"",""16.645972058178"",""39.118059191286"",""15.21"""
"2016,""Nordeste"",""Sergipe"",""Preta"",""77.366215978679"",""12.535539592016"",""30.560940227809"",""2107.7771142886"",""832.05942764411"",""83.182611698416"",""58.916632148294"",""78.95"""
"2016,""Centro-Oeste"",""Distrito Federal"",""Branca"",""38.513708465"",""10.045347418192"",""14.533660664038"",""6186.2762016912"",""2311.2736730464"",""24.959848270854"",""67.596261831863"",""11.29"""
"2016,""Centro-Oeste"",""Distrito Federal"",""Preta"",""60.678255397732"",""12.982034367272"",""19.643258274513"",""3362.8404249679"",""1617.7423368037"",""74.938259519108"",""31.777418882075"",""34.48"""
"2016,""Centro-Oeste"",""Goiás"",""Branca"",""36.07530155327"",""9.1684309378747"",""13.690094897229"",""2854.5353737994"",""1830.6851230348"",""27.65979980411"",""59.539451197707"",""25.91"""
"2016,""Centro-Oeste"",""Goiás"",""Preta"",""63.241177593692"",""11.478949152374"",""17.63564540234"",""1974.5724498419"",""1292.6633981456"",""71.974659578202"",""39.768578412072"",""55.5"""
"2016,""Centro-Oeste"",""Mato Grosso"",""Branca"",""32.557704123626"",""7.500458324659"",""11.514863825831"",""3027.4491776759"",""2113.3223745066"",""22.291511653929"",""56.658653628077"",""22.62"""
"2016,""Centro-Oeste"",""Mato Grosso"",""Preta"",""66.897421525936"",""10.417978752895"",""15.250688001256"",""2036.9286901796"",""1383.6070884662"",""77.390865798237"",""42.090146847628"",""42.31"""
"2016,""Centro-Oeste"",""Mato Grosso do Sul"",""Branca"",""43.191623867743"",""4.9510380184771"",""11.329830223233"",""2788.7883463175"",""1878.0831486417"",""27.719132028149"",""60.803870284791"",""21.03"""
"2016,""Centro-Oeste"",""Mato Grosso do Sul"",""Preta"",""55.48827298144"",""8.5636075993858"",""17.077018508894"",""2084.7376487949"",""1222.4588186987"",""72.062313474497"",""36.317402190247"",""28.57"""
"2017,""Sul"",""Paraná"",""Branca"",""67.243471153545"",""7.970291114633"",""14.941646282862"",""2893.5984161391"",""1810.9059457427"",""51.979131547194"",""85.377261933255"",""26.46"""
"2017,""Sul"",""Paraná"",""Preta"",""31.649074855714"",""10.988508136327"",""20.481653921389"",""1901.1629428058"",""1299.9739985686"",""46.937999534423"",""12.721106851179"",""18.99"""
"2017,""Sul"",""Rio Grande do Sul"",""Branca"",""79.64722662696"",""7.2177921256355"",""14.394532648289"",""2814.3590283435"",""1635.7569947698"",""62.992663868405"",""94.464842169893"",""27.08"""
"2017,""Sul"",""Rio Grande do Sul"",""Preta"",""20.036434970317"",""12.817076878328"",""22.572624019805"",""1769.2128911457"",""1143.8261532699"",""36.217869757734"",""5.4431162841393"",""36.74"""
"2017,""Sul"",""Santa Catarina"",""Branca"",""82.776475791549"",""6.3313361836613"",""10.202390660713"",""2633.4595932369"",""1766.3328074583"",""67.720322171584"",""93.460449684033"",""13.55"""
"2017,""Sul"",""Santa Catarina"",""Preta"",""16.884635366818"",""12.344862908393"",""17.432005760691"",""1957.0131132107"",""1436.8810137396"",""31.924584926537"",""6.2514242215528"",""22.88"""
"2017,""Sudeste"",""Espírito Santo"",""Branca"",""39.20904920084"",""8.7025515293082"",""14.527109049886"",""2865.3786903946"",""1828.5594030442"",""22.545589881873"",""64.465125713749"",""11.72"""
"2017,""Sudeste"",""Espírito Santo"",""Preta"",""60.248592030027"",""15.593526293823"",""24.539088787946"",""2008.3605254719"",""1130.6472371351"",""77.086479153332"",""35.125242323641"",""50.24"""
"2017,""Sudeste"",""Minas Gerais"",""Branca"",""40.396827064295"",""8.3918939009974"",""18.634165784316"",""2676.1080619398"",""1482.8337654278"",""23.705923787083"",""64.995970173921"",""12.76"""
"2017,""Sudeste"",""Minas Gerais"",""Preta"",""59.315515080265"",""14.584927943035"",""27.06188154971"",""1845.7582771095"",""1077.0220094641"",""75.878509828967"",""34.789232038081"",""25.13"""
"2017,""Sudeste"",""Rio de Janeiro"",""Branca"",""43.814013907655"",""11.985764239772"",""16.91550977462"",""3400.6749071093"",""1889.1460719889"",""28.562718926699"",""75.069175161316"",""22.06"""
"2017,""Sudeste"",""Rio de Janeiro"",""Preta"",""55.69687600676"",""16.921028988963"",""21.138076396924"",""2130.6485914636"",""1241.3353239068"",""71.014999486439"",""24.209181329715"",""49.92"""
"2017,""Sudeste"",""São Paulo"",""Branca"",""60.077481419269"",""11.815829853876"",""19.139939266992"",""3681.393935347"",""2070.8813444529"",""47.228746731828"",""83.649447193847"",""8.65"""
"2017,""Sudeste"",""São Paulo"",""Preta"",""38.090124520433"",""16.083369390176"",""24.248002753075"",""2101.2783094613"",""1282.9773538592"",""52.008757024073"",""12.001174316603"",""12.62"""
"2017,""Norte"",""Acre"",""Branca"",""19.0965070392"",""12.344973504905"",""27.28710219231"",""2974.5919625439"",""1654.8323584603"",""14.030561328508"",""32.507531565656"",""47.07"""
"2017,""Norte"",""Acre"",""Preta"",""79.947617926754"",""14.437714734998"",""29.66733330638"",""2084.6798256145"",""1044.5257927385"",""85.361898204789"",""67.074700490988"",""65.56"""
"2017,""Norte"",""Amapá"",""Branca"",""19.327529418826"",""17.390860204872"",""28.198992951529"",""3799.0455577577"",""1248.7595944604"",""10.517400104352"",""27.53377754798"",""15.36"""
"2017,""Norte"",""Amapá"",""Preta"",""80.255713185014"",""16.900691709361"",""28.986950792151"",""3022.3954847176"",""1386.1033355363"",""87.758747668994"",""71.801078820094"",""55.23"""
"2017,""Norte"",""Amazonas"",""Branca"",""18.154760824028"",""11.809678691736"",""21.708246805781"",""5422.5085433199"",""1319.6620461476"",""10.736636415926"",""38.365103201321"",""18.19"""
"2017,""Norte"",""Amazonas"",""Preta"",""79.507712557283"",""14.961497814138"",""26.836478779136"",""2182.5363493325"",""926.49582593936"",""85.564583446573"",""60.319909534776"",""48.66"""
"2017,""Norte"",""Pará"",""Branca"",""18.159626243372"",""11.154176127889"",""29.88615793266"",""2548.5087867974"",""1212.3597187745"",""9.9928052782305"",""30.794104595273"",""20.39"""
"2017,""Norte"",""Pará"",""Preta"",""80.617161260072"",""11.470372291683"",""30.777149110453"",""1849.717828418"",""913.60671879621"",""87.742387665683"",""68.204222683739"",""61.72"""
"2017,""Norte"",""Rondônia"",""Branca"",""31.135087905343"",""5.4483166839298"",""12.974956174302"",""2387.3854995376"",""1498.6196125355"",""22.986001245434"",""41.038444486771"",""25.36"""
"2017,""Norte"",""Rondônia"",""Preta"",""68.241237612982"",""8.4893651675326"",""17.946377927272"",""1949.6138971176"",""1187.7538820022"",""75.908520394963"",""58.219576323213"",""32.41"""
"2017,""Norte"",""Roraima"",""Branca"",""21.446773792396"",""10.069597359882"",""20.075927631588"",""3370.8638430825"",""1586.1805001973"",""14.422149977068"",""39.096725169352"",""47.37"""
"2017,""Norte"",""Roraima"",""Preta"",""72.375114254703"",""10.634661326807"",""20.787032470321"",""2556.9799107813"",""1234.5510275082"",""70.575037286983"",""57.284397120412"",""54.85"""
"2017,""Norte"",""Tocantins"",""Branca"",""23.692787076334"",""9.7335050899048"",""18.238144463552"",""2846.587365835"",""1516.2745460889"",""14.467605506154"",""44.979968632298"",""27.12"""
"2017,""Norte"",""Tocantins"",""Preta"",""75.306774632486"",""11.125894378673"",""23.593347828322"",""2029.4853801476"",""1068.6468188983"",""84.704631689657"",""53.734032565993"",""37.73"""
"2017,""Nordeste"",""Alagoas"",""Branca"",""23.374314230339"",""15.189713404517"",""31.595110262827"",""2298.0600593486"",""1081.4687673338"",""20.649416904976"",""35.985196644361"",""3.72"""
"2017,""Nordeste"",""Alagoas"",""Preta"",""76.059532216954"",""17.729242026098"",""36.407753145527"",""1659.4571949349"",""761.12603622929"",""79.134095148403"",""63.605498925331"",""67.9"""
"2017,""Nordeste"",""Bahia"",""Branca"",""19.217516682451"",""12.217137907994"",""31.702303502118"",""3360.5080002417"",""1243.5647198666"",""13.389735972432"",""35.899826727124"",""15.93"""
"2017,""Nordeste"",""Bahia"",""Preta"",""80.177095596954"",""17.565431129573"",""40.591656675375"",""1945.1441551514"",""767.84830317647"",""85.925213940977"",""63.321354935538"",""55.33"""
"2017,""Nordeste"",""Ceará"",""Branca"",""27.53641847357"",""10.916456609199"",""25.985324434208"",""2852.5525090642"",""1205.1425496"",""20.915430091532"",""47.084418674777"",""12.73"""
"2017,""Nordeste"",""Ceará"",""Preta"",""71.875520363123"",""12.775549867795"",""32.642898504388"",""1851.6531479407"",""787.37084339943"",""78.669105081571"",""52.420506577889"",""75.64"""
"2017,""Nordeste"",""Maranhão"",""Branca"",""18.491908630203"",""12.591609645179"",""30.997177028122"",""2716.5804722549"",""1045.9623515985"",""15.035941950781"",""32.044403591815"",""13.57"""
"2017,""Nordeste"",""Maranhão"",""Preta"",""80.843628017341"",""13.643213895288"",""37.516327214907"",""1720.5773789461"",""737.41836691959"",""84.392948784456"",""66.90215324916"",""34.95"""
"2017,""Nordeste"",""Paraíba"",""Branca"",""33.770151987755"",""9.8276563036524"",""28.489318401994"",""3058.7197200791"",""1055.0166243806"",""28.94704364"",""53.984665074942"",""7.07"""
"2017,""Nordeste"",""Paraíba"",""Preta"",""66.068807790834"",""10.160314171935"",""32.615549628625"",""1951.7450396758"",""743.25475448058"",""70.936814040012"",""45.758641232395"",""46.4"""
"2017,""Nordeste"",""Pernambuco"",""Branca"",""30.729350025856"",""14.356972876593"",""28.129571675146"",""2903.1998216468"",""1204.9829923524"",""23.186588745909"",""52.611066908132"",""21.26"""
"2017,""Nordeste"",""Pernambuco"",""Preta"",""68.503948828609"",""17.892882076305"",""33.953250559066"",""1787.6398544901"",""811.44135672837"",""76.395821171621"",""46.510788235082"",""73.18"""
"2017,""Nordeste"",""Piauí"",""Branca"",""20.442653246801"",""10.546793875703"",""31.156925398543"",""2629.6190846597"",""983.53471396571"",""18.088870901762"",""40.223290022283"",""8.3"""
"2017,""Nordeste"",""Piauí"",""Preta"",""79.415037579626"",""12.449501346737"",""41.995910457996"",""1924.2801479033"",""664.01909247047"",""81.8212140899"",""59.187416223948"",""21.47"""
"2017,""Nordeste"",""Rio Grande do Norte"",""Branca"",""36.692043536692"",""11.600440437812"",""31.264144019562"",""2434.1410272031"",""1058.5867729365"",""31.036021404157"",""51.407753002959"",""15.09"""
"2017,""Nordeste"",""Rio Grande do Norte"",""Preta"",""63.153662144765"",""15.822419571551"",""37.780456903899"",""1821.1109065543"",""797.05677223923"",""68.801315192263"",""48.29954044506"",""87.04"""
"2017,""Nordeste"",""Sergipe"",""Branca"",""20.795258762047"",""11.641696974411"",""29.661705871029"",""2883.905347494"",""953.31712831951"",""12.720814608578"",""36.817315241895"",""15.88"""
"2017,""Nordeste"",""Sergipe"",""Preta"",""78.253564801089"",""14.747792774148"",""33.88132932844"",""2047.4944273763"",""805.4061466603"",""86.503912082355"",""61.623810467719"",""68.8"""
"2017,""Centro-Oeste"",""Distrito Federal"",""Branca"",""36.706807107829"",""10.347901675934"",""16.34588966614"",""5793.7133250737"",""3037.4390296782"",""22.507429578965"",""58.729389767696"",""10.41"""
"2017,""Centro-Oeste"",""Distrito Federal"",""Preta"",""61.649923851779"",""13.692414736439"",""21.311492169244"",""3566.9631199225"",""1666.829814397"",""76.771226206721"",""29.742075954096"",""25.97"""
"2017,""Centro-Oeste"",""Goiás"",""Branca"",""35.669775599563"",""8.1405337949821"",""14.829455704827"",""2854.6154465815"",""1896.3473807424"",""24.409487601638"",""53.899593426171"",""22.75"""
"2017,""Centro-Oeste"",""Goiás"",""Preta"",""63.626901634296"",""12.452550186977"",""20.779420538694"",""2171.1219974114"",""1410.4792880469"",""75.257624234793"",""45.351001099911"",""52.98"""
"2017,""Centro-Oeste"",""Mato Grosso"",""Branca"",""31.806579054444"",""7.0652251620986"",""11.556788514242"",""3025.8008638956"",""2207.7921807119"",""22.416768752149"",""54.860820539058"",""22.47"""
"2017,""Centro-Oeste"",""Mato Grosso"",""Preta"",""67.050895722131"",""9.509160602545"",""15.95618819727"",""2082.2243764053"",""1382.7178885203"",""76.187276464163"",""43.238238750094"",""38.45"""
"2017,""Centro-Oeste"",""Mato Grosso do Sul"",""Branca"",""43.197033555658"",""7.4550314406265"",""15.682315280183"",""2765.9789550575"",""1624.1754471414"",""30.071847308702"",""64.470309852794"",""20.12"""
"2017,""Centro-Oeste"",""Mato Grosso do Sul"",""Preta"",""55.493560849851"",""11.093686562088"",""21.036637580523"",""2118.3052038584"",""1281.0211525866"",""67.630821510632"",""34.12836631961"",""28.45"""
"2018,""Sul"",""Paraná"",""Branca"",""65.464701984214"",""7.0096127366965"",""14.16873846392"",""3000.2076990482"",""1824.7768545819"",""50.840596424429"",""83.5275656495"",""23.12"""
"2018,""Sul"",""Paraná"",""Preta"",""33.337235034477"",""10.634031210328"",""20.613469615545"",""2026.7206594211"",""1183.8788898016"",""48.694844154015"",""14.052254543342"",""17.73"""
"2018,""Sul"",""Rio Grande do Sul"",""Branca"",""78.612812140363"",""7.4636337809163"",""15.111512810243"",""2861.3120236119"",""1583.5873599051"",""57.280197365666"",""92.588837060106"",""22.23"""
"2018,""Sul"",""Rio Grande do Sul"",""Preta"",""20.977828906399"",""11.095556501395"",""21.349313568664"",""1917.5465703767"",""1223.8136649895"",""41.964801419051"",""7.2323849645592"",""28.36"""
"2018,""Sul"",""Santa Catarina"",""Branca"",""79.902154221765"",""5.6364168002904"",""10.262234876253"",""2646.7850820822"",""1723.6878233194"",""67.46753873355"",""88.905662145531"",""11.71"""
"2018,""Sul"",""Santa Catarina"",""Preta"",""19.557268855861"",""8.9033767942445"",""14.932129341126"",""1992.3081302"",""1372.5240822546"",""31.649353331035"",""10.692496628636"",""12.6"""
"2018,""Sudeste"",""Espírito Santo"",""Branca"",""37.061013289367"",""7.0747012349399"",""13.365688186267"",""2932.0101702487"",""1769.7043058071"",""22.059319420893"",""62.765895288327"",""8.72"""
"2018,""Sudeste"",""Espírito Santo"",""Preta"",""62.14322239285"",""13.183580459926"",""22.019280609874"",""1986.7871460991"",""1170.6500406828"",""77.017065389493"",""36.794053895745"",""39.09"""
"2018,""Sudeste"",""Minas Gerais"",""Branca"",""39.74747074534"",""8.2831992174397"",""18.208185153354"",""2779.3512623151"",""1482.4624545109"",""27.449460905686"",""65.302276821577"",""9.9"""
"2018,""Sudeste"",""Minas Gerais"",""Preta"",""59.961999301219"",""12.157778626207"",""27.352074979085"",""1866.0458192896"",""1034.9500357889"",""72.174538072542"",""34.490411895816"",""19.87"""
"2018,""Sudeste"",""Rio de Janeiro"",""Branca"",""45.200962019913"",""11.924582596175"",""16.788061307954"",""3768.0175411666"",""2000.4604013967"",""29.050347185669"",""74.304536606014"",""20.62"""
"2018,""Sudeste"",""Rio de Janeiro"",""Preta"",""54.206707698772"",""16.953245020124"",""22.429465627371"",""2333.0682310821"",""1392.9698930286"",""70.281184683936"",""25.081177630117"",""50.58"""
"2018,""Sudeste"",""São Paulo"",""Branca"",""59.052004569746"",""10.983382711918"",""18.865028446684"",""3820.0995837317"",""2392.3294926618"",""42.677071327243"",""82.221417596967"",""6.9"""
"2018,""Sudeste"",""São Paulo"",""Preta"",""39.198695095839"",""15.962143278911"",""25.329706247003"",""2138.1830250086"",""1318.247352298"",""55.946816817526"",""14.116995275089"",""9.79"""
"2018,""Norte"",""Acre"",""Branca"",""21.026011422477"",""9.6623645151263"",""23.258119800653"",""2888.459451785"",""1450.5954631925"",""12.87845502253"",""36.314821932287"",""25.72"""
"2018,""Norte"",""Acre"",""Preta"",""77.662951354496"",""14.272567914627"",""32.170741106931"",""2233.3837708878"",""1074.4026737036"",""85.679073398029"",""62.759470150848"",""52.83"""
"2018,""Norte"",""Amapá"",""Branca"",""17.428553035271"",""17.618151105328"",""27.752830492166"",""3068.2963404341"",""1885.9763433168"",""11.975051917303"",""29.615854354894"",""16.94"""
"2018,""Norte"",""Amapá"",""Preta"",""81.257686250133"",""21.116203467854"",""34.359897993828"",""2582.9059625952"",""1167.082576141"",""87.117066274228"",""69.4252410486"",""58.27"""
"2018,""Norte"",""Amazonas"",""Branca"",""16.808716016524"",""10.383892941381"",""20.135292713089"",""2930.5619182147"",""1624.9929554886"",""10.382097426661"",""37.808425814676"",""15.74"""
"2018,""Norte"",""Amazonas"",""Preta"",""80.39804932253"",""14.531812860253"",""28.264560147368"",""1976.2122776968"",""889.37502806342"",""83.688432834108"",""61.397596911737"",""44.72"""
"2018,""Norte"",""Pará"",""Branca"",""17.838190049345"",""10.228126528098"",""27.890041934415"",""3409.626351396"",""1434.9853595878"",""12.517218935999"",""33.299428880683"",""18.59"""
"2018,""Norte"",""Pará"",""Preta"",""80.86696720928"",""11.83928851361"",""32.782739320781"",""2098.9221293139"",""971.97240581299"",""86.658740403556"",""66.160168812271"",""60.03"""
"2018,""Norte"",""Rondônia"",""Branca"",""29.470555836654"",""5.9241958655129"",""11.792320140922"",""3223.5124755656"",""1473.5907869398"",""24.551286813595"",""42.712731045867"",""21.87"""
"2018,""Norte"",""Rondônia"",""Preta"",""69.111506211096"",""10.705481096832"",""17.959734549632"",""2098.2447140192"",""1187.2037311858"",""73.651141728196"",""52.635574886918"",""29.07"""
"2018,""Norte"",""Roraima"",""Branca"",""23.690035498893"",""10.065312361594"",""22.342402713586"",""4562.8933376331"",""1396.7686997629"",""14.662391474949"",""44.667627929816"",""63.83"""
"2018,""Norte"",""Roraima"",""Preta"",""68.53574994231"",""13.510532927379"",""26.886407292847"",""2774.929516674"",""1315.5622989956"",""68.289702441117"",""54.25548497198"",""87.52"""
"2018,""Norte"",""Tocantins"",""Branca"",""21.093028512337"",""9.074972246266"",""19.159482732449"",""3515.6953351979"",""1621.9952571394"",""13.430135595491"",""39.709268150528"",""25.9"""
"2018,""Norte"",""Tocantins"",""Preta"",""77.464991750428"",""11.441251777421"",""24.76385306016"",""2162.8524692837"",""1151.5536370355"",""85.557985042652"",""58.633458638746"",""39.01"""
"2018,""Nordeste"",""Alagoas"",""Branca"",""25.350399973283"",""12.225034822177"",""29.151499991425"",""2648.5947134632"",""1332.1987529337"",""16.958889357525"",""51.048838186393"",""2.84"""
"2018,""Nordeste"",""Alagoas"",""Preta"",""73.440260035909"",""17.819816173433"",""39.220158785694"",""1655.4960096763"",""890.38955126563"",""82.019707925387"",""48.054693545366"",""48.26"""
"2018,""Nordeste"",""Bahia"",""Branca"",""18.088750758824"",""13.059546102935"",""34.665769431789"",""2864.7864470997"",""1248.7723384308"",""17.032316322795"",""25.760552290328"",""15.37"""
"2018,""Nordeste"",""Bahia"",""Preta"",""81.079998326426"",""16.983237937552"",""40.20130442182"",""1875.5904382548"",""830.43938845222"",""82.463006572871"",""73.539391363425"",""50.77"""
"2018,""Nordeste"",""Ceará"",""Branca"",""28.223515437706"",""9.5723052989083"",""25.81492552282"",""2771.1303777718"",""1344.1407986911"",""22.491870287115"",""47.857257404287"",""14.75"""
"2018,""Nordeste"",""Ceará"",""Preta"",""71.003098728071"",""12.278330617407"",""32.152819180743"",""1759.9007839566"",""729.32346845769"",""76.824063297252"",""51.220778393607"",""69.5"""
"2018,""Nordeste"",""Maranhão"",""Branca"",""18.293111398749"",""11.893788234431"",""31.252710696966"",""2309.1810111008"",""1042.0893465133"",""13.385671495171"",""29.753610975524"",""13.26"""
"2018,""Nordeste"",""Maranhão"",""Preta"",""80.491823989959"",""14.897961350886"",""40.206969451458"",""1887.9978284703"",""785.90210842428"",""85.130159593436"",""69.120005940957"",""31.36"""
"2018,""Nordeste"",""Paraíba"",""Branca"",""32.902912819489"",""9.8994786122962"",""31.675924423299"",""2979.8478057497"",""1072.6339834962"",""27.217471619885"",""47.736477033132"",""4.91"""
"2018,""Nordeste"",""Paraíba"",""Preta"",""66.653864675396"",""10.506993712599"",""34.274342456552"",""1848.1102237205"",""747.60686342596"",""71.553274788709"",""51.886166606323"",""43.63"""
"2018,""Nordeste"",""Pernambuco"",""Branca"",""31.225978566178"",""13.052496546911"",""29.189106531777"",""2559.2793827453"",""1080.7222588647"",""23.43038640687"",""48.446127536816"",""18.21"""
"2018,""Nordeste"",""Pernambuco"",""Preta"",""67.684743039176"",""17.540384269903"",""34.232610403483"",""1935.9860763065"",""831.073339744"",""75.869172605001"",""50.303385538638"",""56"""
"2018,""Nordeste"",""Piauí"",""Branca"",""19.797282377318"",""11.581946019932"",""34.251901093327"",""2892.5542666825"",""979.13156469187"",""12.968373845147"",""37.459874282661"",""7.04"""
"2018,""Nordeste"",""Piauí"",""Preta"",""79.963363019852"",""12.837272144245"",""42.319333295179"",""1937.9565898859"",""700.90820186007"",""86.711194904104"",""62.540125717339"",""20.35"""
"2018,""Nordeste"",""Rio Grande do Norte"",""Branca"",""35.864804162639"",""10.923459050377"",""33.915240518361"",""2613.019864039"",""1173.7723847838"",""30.238672065873"",""52.464514304738"",""16.5"""
"2018,""Nordeste"",""Rio Grande do Norte"",""Preta"",""63.949152284729"",""13.819427468682"",""37.158938744731"",""2042.7340040296"",""804.16552262345"",""68.787012607959"",""47.535485695262"",""71.65"""
"2018,""Nordeste"",""Sergipe"",""Branca"",""19.398147101466"",""12.868845229619"",""33.334260301531"",""2888.4556046952"",""996.6151498754"",""12.547161149968"",""30.379723801956"",""11.69"""
"2018,""Nordeste"",""Sergipe"",""Preta"",""79.696444076796"",""17.134039138622"",""37.616281539838"",""2278.9509144973"",""809.17720920367"",""86.692854377752"",""68.562252757661"",""59.43"""
"2018,""Centro-Oeste"",""Distrito Federal"",""Branca"",""37.548715862314"",""10.416624779696"",""20.676662567253"",""5556.6867039773"",""2843.8675051751"",""26.630558293387"",""61.09534687167"",""9.92"""
"2018,""Centro-Oeste"",""Distrito Federal"",""Preta"",""60.913397040963"",""13.433954576642"",""24.159387893402"",""3751.9479999393"",""1782.0658697996"",""72.166731883449"",""37.432660473362"",""22.54"""
"2018,""Centro-Oeste"",""Goiás"",""Branca"",""35.84557972112"",""7.0894290569977"",""13.844440268481"",""2870.5260879984"",""1719.947056925"",""23.742816258823"",""54.87068767008"",""21.39"""
"2018,""Centro-Oeste"",""Goiás"",""Preta"",""63.199142013062"",""10.228603604379"",""18.926013511362"",""2158.7635667606"",""1371.4472593536"",""75.045213438275"",""44.804030316089"",""47.68"""
"2018,""Centro-Oeste"",""Mato Grosso"",""Branca"",""31.002166783027"",""5.8259943346534"",""11.624325204564"",""3006.0406009549"",""2090.3142108008"",""25.842720148877"",""46.103734360344"",""19.18"""
"2018,""Centro-Oeste"",""Mato Grosso"",""Preta"",""67.825398741543"",""8.4448379934146"",""16.339145570169"",""2383.354833806"",""1540.1348930701"",""72.669496200198"",""52.560915222966"",""33.33"""
"2018,""Centro-Oeste"",""Mato Grosso do Sul"",""Branca"",""44.040862033694"",""6.6341710027455"",""14.351502845773"",""2990.2243016283"",""1994.7680408084"",""33.167330100444"",""68.4549210507"",""16.93"""
"2018,""Centro-Oeste"",""Mato Grosso do Sul"",""Preta"",""53.685990907542"",""8.9011375641565"",""19.117987694748"",""2023.8588325292"",""1255.5328251039"",""64.667849014042"",""27.832436740809"",""24.89"""
